id,first_name,last_name,email,gender
1,Skippy,Avory,savory0@shinystat.com,Male
2,Virginia,Harbord,vharbord1@tinyurl.com,Female
3,Whitby,Mindenhall,wmindenhall2@chronoengine.com,Male
4,Leyla,Goundsy,lgoundsy3@latimes.com,Female
5,Neale,Turbitt,nturbitt4@ustream.tv,Male
6,Lucita,Sandyford,lsandyford5@seattletimes.com,Female
7,Alyson,Grigs,agrigs6@discovery.com,Female
8,Don,Biagi,dbiagi7@t-online.de,Male
9,Bailey,McAless,bmcaless8@wikimedia.org,Male
10,Cecil,Legerwood,clegerwood9@gizmodo.com,Female
11,Cathie,Ingold,cingolda@cargocollective.com,Female
12,Reg,Sannes,rsannesb@wikimedia.org,Male
13,Guillaume,Deacon,gdeaconc@amazon.co.jp,Male
14,Baudoin,Coules,bcoulesd@cyberchimps.com,Male
15,Michele,Belshaw,mbelshawe@cbc.ca,Male
16,Sydel,Prati,spratif@tumblr.com,Female
17,Duncan,O'Brallaghan,dobrallaghang@163.com,Male
18,Hadley,Aldwick,haldwickh@so-net.ne.jp,Male
19,Verne,Diamant,vdiamanti@msn.com,Male
20,Charlie,Wedge,cwedgej@elpais.com,Male
21,Dougy,Flello,dflellok@wikispaces.com,Male
22,Ninon,De Carolis,ndecarolisl@cbc.ca,Female
23,Reggie,Floch,rflochm@cdc.gov,Male
24,Hurleigh,Melbourne,hmelbournen@moonfruit.com,Male
25,Patin,Wolfe,pwolfeo@economist.com,Male
26,Datha,Croney,dcroneyp@usda.gov,Female
27,Sasha,Morrison,smorrisonq@sohu.com,Male
28,Sayre,Raffan,sraffanr@cbslocal.com,Female
29,Waverley,Fursland,wfurslands@ifeng.com,Male
30,Pegeen,German,pgermant@printfriendly.com,Female
31,Lindy,Kleewein,lkleeweinu@tiny.cc,Male
32,Kerri,Shetliff,kshetliffv@ca.gov,Female
33,Richmound,Talton,rtaltonw@telegraph.co.uk,Male
34,Jens,Blazdell,jblazdellx@vk.com,Male
35,Rae,Myrtle,rmyrtley@mlb.com,Female
36,Bessie,Crosher,bcrosherz@facebook.com,Female
37,Archibald,Koppeck,akoppeck10@columbia.edu,Male
38,Moina,Roxby,mroxby11@who.int,Female
39,Benny,Cunnane,bcunnane12@drupal.org,Male
40,Parke,Tomczykiewicz,ptomczykiewicz13@aboutads.info,Male
41,Bruno,Skipper,bskipper14@aboutads.info,Male
42,Herminia,Dicey,hdicey15@ted.com,Female
43,Graeme,Bauduin,gbauduin16@redcross.org,Male
44,Corene,Cudby,ccudby17@sohu.com,Female
45,Taber,Classen,tclassen18@trellian.com,Male
46,Klement,Demeter,kdemeter19@berkeley.edu,Male
47,Augusto,Longstreet,alongstreet1a@tuttocitta.it,Male
48,Monika,Hungerford,mhungerford1b@webnode.com,Female
49,Tonia,Stent,tstent1c@goo.ne.jp,Female
50,Rog,Gantzer,rgantzer1d@so-net.ne.jp,Male
51,Tedmund,Scougall,tscougall1e@google.fr,Male
52,Guilbert,Follos,gfollos1f@craigslist.org,Male
53,Jacob,Lyver,jlyver1g@samsung.com,Male
54,Darrin,O'Dunniom,dodunniom1h@mac.com,Male
55,Eustace,Mafham,emafham1i@baidu.com,Male
56,Morten,Drance,mdrance1j@irs.gov,Male
57,Chadwick,Rushman,crushman1k@indiatimes.com,Male
58,Chaddie,Beller,cbeller1l@blogtalkradio.com,Male
59,Dorree,Lenahan,dlenahan1m@wired.com,Female
60,Biron,Lindroos,blindroos1n@weibo.com,Male
61,Jeannette,Carillo,jcarillo1o@jimdo.com,Female
62,Hagan,Goodredge,hgoodredge1p@buzzfeed.com,Male
63,Cristina,Mattheissen,cmattheissen1q@seattletimes.com,Female
64,Beatrix,Hambatch,bhambatch1r@disqus.com,Female
65,Darrel,Roscher,droscher1s@tripod.com,Male
66,Davon,Jedrzej,djedrzej1t@w3.org,Male
67,Rosabella,Nollet,rnollet1u@blogger.com,Female
68,Pennie,Vakhrushev,pvakhrushev1v@techcrunch.com,Male
69,Trey,Siddle,tsiddle1w@sciencedaily.com,Male
70,Spencer,Ginglell,sginglell1x@opera.com,Male
71,Nolan,Bliss,nbliss1y@aol.com,Male
72,Selene,Gonnelly,sgonnelly1z@last.fm,Female
73,Napoleon,Middlemass,nmiddlemass20@aboutads.info,Male
74,Dean,Spilsbury,dspilsbury21@taobao.com,Male
75,Maddy,Simkovich,msimkovich22@devhub.com,Male
76,Bentlee,Marshall,bmarshall23@e-recht24.de,Male
77,Price,Greig,pgreig24@weibo.com,Male
78,Buffy,Karpeev,bkarpeev25@toplist.cz,Female
79,Alisun,Garner,agarner26@bravesites.com,Female
80,Chase,Rodden,crodden27@google.cn,Male
81,Petronilla,Kain,pkain28@surveymonkey.com,Female
82,Rani,Van der Kruys,rvanderkruys29@arizona.edu,Female
83,Ulric,Heersma,uheersma2a@de.vu,Male
84,Rafaello,Bernard,rbernard2b@sphinn.com,Male
85,Gerry,Rollings,grollings2c@last.fm,Male
86,Riordan,Franklyn,rfranklyn2d@hibu.com,Male
87,Cris,Chapell,cchapell2e@sfgate.com,Male
88,Freddie,Kemsley,fkemsley2f@hexun.com,Male
89,Clemmie,Camelin,ccamelin2g@phpbb.com,Male
90,Faustine,Barette,fbarette2h@va.gov,Female
91,Jeanelle,Chaudrelle,jchaudrelle2i@loc.gov,Female
92,Tessi,Duckett,tduckett2j@tumblr.com,Female
93,Eziechiele,Peatt,epeatt2k@bloglovin.com,Male
94,Krissy,Vedeneev,kvedeneev2l@dailymail.co.uk,Female
95,Loren,May,lmay2m@people.com.cn,Female
96,Olivero,Camm,ocamm2n@sciencedirect.com,Male
97,Sholom,Frayling,sfrayling2o@amazonaws.com,Male
98,Joya,Doorbar,jdoorbar2p@blogspot.com,Female
99,Killian,Coveley,kcoveley2q@github.io,Male
100,Arlyne,Novichenko,anovichenko2r@ameblo.jp,Female
101,Cindy,Gildroy,cgildroy2s@google.cn,Female
102,Bettine,Wigley,bwigley2t@tumblr.com,Female
103,Coretta,Starsmeare,cstarsmeare2u@dailymotion.com,Female
104,Ginger,De Beneditti,gdebeneditti2v@epa.gov,Female
105,Tresa,Peepall,tpeepall2w@blinklist.com,Female
106,Johanna,Fancott,jfancott2x@bizjournals.com,Female
107,Luciano,Hymer,lhymer2y@spotify.com,Male
108,Genny,Bartholin,gbartholin2z@bing.com,Female
109,Hector,Hursthouse,hhursthouse30@skype.com,Male
110,Moore,Medd,mmedd31@hud.gov,Male
111,Jared,Jolley,jjolley32@soup.io,Male
112,Susy,Fullerd,sfullerd33@sourceforge.net,Female
113,Aili,Suller,asuller34@washingtonpost.com,Female
114,Harris,Rimmington,hrimmington35@usatoday.com,Male
115,Briggs,Brussell,bbrussell36@unc.edu,Male
116,Cully,Cossentine,ccossentine37@hao123.com,Male
117,Maddi,Barkess,mbarkess38@t.co,Female
118,Reuben,Breeder,rbreeder39@msn.com,Male
119,Alysia,Crown,acrown3a@live.com,Female
120,Adan,Grogona,agrogona3b@technorati.com,Female
121,Reinaldos,Matuszkiewicz,rmatuszkiewicz3c@dell.com,Male
122,Griffin,Semour,gsemour3d@bloglines.com,Male
123,Morty,Petch,mpetch3e@scribd.com,Male
124,Herminia,Gullane,hgullane3f@pen.io,Female
125,Brigida,Duer,bduer3g@alexa.com,Female
126,Emmalee,Cohr,ecohr3h@is.gd,Female
127,Emmie,Pickup,epickup3i@so-net.ne.jp,Female
128,Benni,Scullard,bscullard3j@si.edu,Female
129,Karlens,Briston,kbriston3k@jugem.jp,Male
130,Jacqui,Fawks,jfawks3l@wp.com,Female
131,Tedd,Stovold,tstovold3m@behance.net,Male
132,Norma,Rodson,nrodson3n@mozilla.org,Female
133,Kendal,Sambals,ksambals3o@cornell.edu,Male
134,Albertina,Eckersall,aeckersall3p@alexa.com,Female
135,Myrtia,Eric,meric3q@amazonaws.com,Female
136,Perice,Edmeads,pedmeads3r@g.co,Male
137,Liliane,Bromby,lbromby3s@newyorker.com,Female
138,Francisca,Jikylls,fjikylls3t@artisteer.com,Female
139,Sig,Lottrington,slottrington3u@newyorker.com,Male
140,Filmore,Haton,fhaton3v@cisco.com,Male
141,Elli,Gagie,egagie3w@prnewswire.com,Female
142,Liuka,Sarfass,lsarfass3x@over-blog.com,Female
143,Woodman,Caren,wcaren3y@uiuc.edu,Male
144,Tierney,Rough,trough3z@godaddy.com,Female
145,Dukey,Proschek,dproschek40@mashable.com,Male
146,Smitty,Byforth,sbyforth41@statcounter.com,Male
147,Carolus,Moar,cmoar42@networkadvertising.org,Male
148,Hatty,Guilbert,hguilbert43@indiatimes.com,Female
149,Ann-marie,Licciardi,alicciardi44@cdc.gov,Female
150,Gwendolen,Morrid,gmorrid45@dmoz.org,Female
151,Gretel,Denisovich,gdenisovich46@taobao.com,Female
152,Ardella,Bellson,abellson47@nature.com,Female
153,Erasmus,Cawthron,ecawthron48@desdev.cn,Male
154,Pat,Moncaster,pmoncaster49@mapquest.com,Male
155,Mimi,Roxbrough,mroxbrough4a@taobao.com,Female
156,Bogey,Tosspell,btosspell4b@4shared.com,Male
157,Butch,Poacher,bpoacher4c@simplemachines.org,Male
158,Beverie,Eldred,beldred4d@zdnet.com,Female
159,Tuesday,Kilgrove,tkilgrove4e@slashdot.org,Female
160,Laughton,Trill,ltrill4f@chron.com,Male
161,Bink,De Lisle,bdelisle4g@simplemachines.org,Male
162,Julita,Prestland,jprestland4h@irs.gov,Female
163,Tiffie,Wellwood,twellwood4i@netvibes.com,Female
164,Cicily,Loving,cloving4j@github.com,Female
165,Vivienne,Jones,vjones4k@sfgate.com,Female
166,Marlena,Gwin,mgwin4l@state.tx.us,Female
167,Andree,Simonyi,asimonyi4m@va.gov,Female
168,Elia,McAleese,emcaleese4n@amazon.co.uk,Male
169,Skelly,Olivo,solivo4o@china.com.cn,Male
170,Evelyn,Norvell,enorvell4p@ucoz.ru,Male
171,Jordan,Boothman,jboothman4q@msu.edu,Female
172,Thatch,Chippindale,tchippindale4r@ehow.com,Male
173,Randell,Pietz,rpietz4s@skyrock.com,Male
174,Bella,Keeton,bkeeton4t@histats.com,Female
175,Jacquelynn,Bineham,jbineham4u@photobucket.com,Female
176,Adriana,Rubinivitz,arubinivitz4v@pen.io,Female
177,Dexter,Mangeot,dmangeot4w@netlog.com,Male
178,Krystyna,Cartmel,kcartmel4x@ft.com,Female
179,Chickie,Halloway,challoway4y@springer.com,Male
180,Gayelord,Boise,gboise4z@google.ca,Male
181,Onfre,Jaquemar,ojaquemar50@paginegialle.it,Male
182,Dore,Struttman,dstruttman51@virginia.edu,Male
183,Lanita,Belchamp,lbelchamp52@sourceforge.net,Female
184,Linn,Ousby,lousby53@addtoany.com,Female
185,Caron,Lyddiard,clyddiard54@netlog.com,Female
186,Claudianus,Ubsdell,cubsdell55@dyndns.org,Male
187,Leslie,Banasevich,lbanasevich56@shop-pro.jp,Female
188,Tim,Joannic,tjoannic57@photobucket.com,Male
189,Elijah,Midden,emidden58@pagesperso-orange.fr,Male
190,Ardelia,Purseglove,apurseglove59@feedburner.com,Female
191,Denyse,Strawbridge,dstrawbridge5a@sun.com,Female
192,Joann,Strotton,jstrotton5b@accuweather.com,Female
193,Hasty,Butler,hbutler5c@springer.com,Male
194,Shannen,Pydcock,spydcock5d@multiply.com,Female
195,Fionna,Laden,fladen5e@jiathis.com,Female
196,Howey,Kermitt,hkermitt5f@addthis.com,Male
197,Nicolina,Primett,nprimett5g@last.fm,Female
198,Oran,Coviello,ocoviello5h@elpais.com,Male
199,Whittaker,Skeldinge,wskeldinge5i@github.com,Male
200,Feodor,Taggerty,ftaggerty5j@bigcartel.com,Male
201,Jeramey,Butler,jbutler5k@epa.gov,Male
202,Nixie,O'Duggan,noduggan5l@plala.or.jp,Female
203,Teador,Trowle,ttrowle5m@typepad.com,Male
204,Hal,Vatcher,hvatcher5n@multiply.com,Male
205,Alberto,Naton,anaton5o@oaic.gov.au,Male
206,Siegfried,Loft,sloft5p@time.com,Male
207,Orin,Dewer,odewer5q@amazon.com,Male
208,Elsa,Presslee,epresslee5r@1und1.de,Female
209,Emmet,Geaney,egeaney5s@vimeo.com,Male
210,Ursulina,Ayars,uayars5t@wiley.com,Female
211,Ethel,Coldwell,ecoldwell5u@1688.com,Female
212,Sabra,Blackater,sblackater5v@huffingtonpost.com,Female
213,Angelle,Morando,amorando5w@wordpress.com,Female
214,Elladine,Rubinovitsch,erubinovitsch5x@elpais.com,Female
215,Yank,Bergstrand,ybergstrand5y@blogtalkradio.com,Male
216,Jamesy,Grivori,jgrivori5z@bbc.co.uk,Male
217,Elias,Ivashnyov,eivashnyov60@mail.ru,Male
218,Erminie,Pallis,epallis61@thetimes.co.uk,Female
219,Abbe,Tireman,atireman62@mediafire.com,Female
220,Reinaldo,Ounsworth,rounsworth63@hubpages.com,Male
221,Shawnee,Scaplehorn,sscaplehorn64@pbs.org,Female
222,Blaine,Cartin,bcartin65@home.pl,Male
223,Pancho,Grumbridge,pgrumbridge66@google.ru,Male
224,Meris,Champerlen,mchamperlen67@berkeley.edu,Female
225,Odilia,Debling,odebling68@java.com,Female
226,Robin,Zoanetti,rzoanetti69@elpais.com,Male
227,Cirilo,Andreacci,candreacci6a@marketwatch.com,Male
228,Jared,Alliston,jalliston6b@wunderground.com,Male
229,Eb,Tarquinio,etarquinio6c@cdc.gov,Male
230,Vlad,Bickmore,vbickmore6d@posterous.com,Male
231,Katerina,Oxley,koxley6e@japanpost.jp,Female
232,Catlaina,Fenwick,cfenwick6f@surveymonkey.com,Female
233,Ortensia,Grigoriscu,ogrigoriscu6g@e-recht24.de,Female
234,Hyacinthe,Suthworth,hsuthworth6h@woothemes.com,Female
235,Beatrisa,Schott,bschott6i@theatlantic.com,Female
236,Cornell,Osmond,cosmond6j@google.co.jp,Male
237,Edi,Corington,ecorington6k@salon.com,Female
238,Britteny,Comiam,bcomiam6l@netscape.com,Female
239,Editha,Naismith,enaismith6m@live.com,Female
240,Jaine,Beetham,jbeetham6n@linkedin.com,Female
241,Philippine,Baulk,pbaulk6o@ow.ly,Female
242,Trula,Beadle,tbeadle6p@census.gov,Female
243,Netti,Hawson,nhawson6q@indiatimes.com,Female
244,Bren,Hans,bhans6r@msn.com,Female
245,Marcos,Ebrall,mebrall6s@unesco.org,Male
246,Jammie,Kingdon,jkingdon6t@163.com,Female
247,Ephraim,Moretto,emoretto6u@washingtonpost.com,Male
248,Norrie,Dineen,ndineen6v@pagesperso-orange.fr,Male
249,Drucy,Goodacre,dgoodacre6w@ning.com,Female
250,Corette,Kynvin,ckynvin6x@xing.com,Female
251,Kaylee,Frayn,kfrayn6y@msu.edu,Female
252,Lyman,Youson,lyouson6z@ucoz.ru,Male
253,Gracie,Gainforth,ggainforth70@accuweather.com,Female
254,Nanon,Sallis,nsallis71@msn.com,Female
255,Sol,Clemenzo,sclemenzo72@zimbio.com,Male
256,Todd,Woosnam,twoosnam73@yellowpages.com,Male
257,Elwyn,Hinkley,ehinkley74@bravesites.com,Male
258,Wayne,Duffett,wduffett75@deviantart.com,Male
259,Alyson,Fernyhough,afernyhough76@e-recht24.de,Female
260,Almira,Jaine,ajaine77@freewebs.com,Female
261,Saul,MacLeod,smacleod78@discuz.net,Male
262,Pascal,Sillitoe,psillitoe79@usda.gov,Male
263,Rice,Andrzejowski,randrzejowski7a@nhs.uk,Male
264,Ruthie,Andryunin,randryunin7b@miitbeian.gov.cn,Female
265,Bailey,Kinkaid,bkinkaid7c@e-recht24.de,Male
266,Sabrina,Bustard,sbustard7d@woothemes.com,Female
267,Diana,Beazey,dbeazey7e@economist.com,Female
268,Laughton,Dominelli,ldominelli7f@1688.com,Male
269,Amara,Boake,aboake7g@over-blog.com,Female
270,Thebault,Braunton,tbraunton7h@i2i.jp,Male
271,Giulia,Ledgard,gledgard7i@ycombinator.com,Female
272,Homerus,Nelmes,hnelmes7j@com.com,Male
273,Monte,Scrange,mscrange7k@vimeo.com,Male
274,Raina,Brodeur,rbrodeur7l@about.me,Female
275,Waldemar,Lafay,wlafay7m@xing.com,Male
276,Ike,Brammer,ibrammer7n@blogger.com,Male
277,Cesya,Sheard,csheard7o@theatlantic.com,Female
278,Symon,Khristoforov,skhristoforov7p@eepurl.com,Male
279,Quintus,Grabeham,qgrabeham7q@about.me,Male
280,Diarmid,Tremelling,dtremelling7r@alibaba.com,Male
281,Gaspard,Braun,gbraun7s@360.cn,Male
282,Hilary,Baggelley,hbaggelley7t@lulu.com,Male
283,Anissa,Keepence,akeepence7u@ask.com,Female
284,Ealasaid,Scougall,escougall7v@odnoklassniki.ru,Female
285,Jeni,Parvin,jparvin7w@foxnews.com,Female
286,Cal,Alvarado,calvarado7x@businessweek.com,Male
287,Salvidor,Reicherz,sreicherz7y@redcross.org,Male
288,Oswald,Coleman,ocoleman7z@cbslocal.com,Male
289,Dede,Klasen,dklasen80@umich.edu,Female
290,Micaela,Sends,msends81@reference.com,Female
291,Sonnie,Ritchings,sritchings82@github.com,Female
292,Kaia,Stapels,kstapels83@ted.com,Female
293,Matilde,Jansik,mjansik84@multiply.com,Female
294,Raul,Stag,rstag85@over-blog.com,Male
295,Adelice,Wheatland,awheatland86@state.gov,Female
296,Shaw,Bassingden,sbassingden87@ezinearticles.com,Male
297,Foster,Halt,fhalt88@liveinternet.ru,Male
298,Tammy,Yankin,tyankin89@geocities.com,Male
299,Jade,Pitkeathley,jpitkeathley8a@mediafire.com,Female
300,Corrianne,Longhorne,clonghorne8b@latimes.com,Female
301,Cally,Derle,cderle8c@merriam-webster.com,Female
302,Sherrie,O'Canavan,socanavan8d@blogs.com,Female
303,Perle,McNeillie,pmcneillie8e@geocities.jp,Female
304,Niel,Dowthwaite,ndowthwaite8f@lycos.com,Male
305,Niko,Rate,nrate8g@mail.ru,Male
306,Aimil,Wellbeloved,awellbeloved8h@abc.net.au,Female
307,Farrell,Martensen,fmartensen8i@yellowpages.com,Male
308,Arielle,Megarrell,amegarrell8j@bbc.co.uk,Female
309,Rik,Withrop,rwithrop8k@cornell.edu,Male
310,Viviyan,Swannie,vswannie8l@bing.com,Female
311,Gwendolyn,Jancic,gjancic8m@ovh.net,Female
312,Ase,Adshede,aadshede8n@guardian.co.uk,Male
313,Peder,Fortie,pfortie8o@shop-pro.jp,Male
314,Barrie,Enterle,benterle8p@xing.com,Female
315,Damiano,Elsip,delsip8q@omniture.com,Male
316,Kissee,Muttock,kmuttock8r@g.co,Female
317,Janos,Keasy,jkeasy8s@apache.org,Male
318,Karolina,Eames,keames8t@umn.edu,Female
319,Giraldo,Jelphs,gjelphs8u@theatlantic.com,Male
320,Em,Virgo,evirgo8v@flickr.com,Male
321,Freda,Barnwille,fbarnwille8w@si.edu,Female
322,Neila,Petren,npetren8x@free.fr,Female
323,Othilia,Lumbley,olumbley8y@rediff.com,Female
324,Pippo,Bysh,pbysh8z@paginegialle.it,Male
325,Reinhard,Rabjohn,rrabjohn90@unesco.org,Male
326,Gray,Greenfield,ggreenfield91@mysql.com,Male
327,El,Paddie,epaddie92@blogspot.com,Male
328,Adda,Lasslett,alasslett93@ameblo.jp,Female
329,Nicolis,Ferfulle,nferfulle94@stanford.edu,Male
330,Killy,Lythgoe,klythgoe95@nba.com,Male
331,Cully,Knoton,cknoton96@disqus.com,Male
332,Damita,Frost,dfrost97@ifeng.com,Female
333,Sapphire,Dugood,sdugood98@qq.com,Female
334,Merrielle,Danzig,mdanzig99@timesonline.co.uk,Female
335,Kelli,Matushevich,kmatushevich9a@taobao.com,Female
336,Jayne,Masey,jmasey9b@hhs.gov,Female
337,Ddene,Vicar,dvicar9c@github.com,Female
338,Cybil,Bellin,cbellin9d@walmart.com,Female
339,Ulysses,Daubney,udaubney9e@squarespace.com,Male
340,Philippa,Tureville,ptureville9f@mozilla.com,Female
341,Ashli,Vowells,avowells9g@biblegateway.com,Female
342,Bernadina,Paydon,bpaydon9h@reuters.com,Female
343,Elberta,Doward,edoward9i@upenn.edu,Female
344,Jory,Le Gall,jlegall9j@mozilla.org,Male
345,Launce,Astles,lastles9k@time.com,Male
346,Martainn,Lovitt,mlovitt9l@phoca.cz,Male
347,Grata,Burnsall,gburnsall9m@ihg.com,Female
348,Arabela,Linton,alinton9n@weebly.com,Female
349,Kriste,Fonquernie,kfonquernie9o@diigo.com,Female
350,Terri,Gerrels,tgerrels9p@creativecommons.org,Male
351,Pasquale,Coling,pcoling9q@blogs.com,Male
352,Leann,Duthie,lduthie9r@chicagotribune.com,Female
353,Bren,Beckenham,bbeckenham9s@seattletimes.com,Male
354,Blanch,Penner,bpenner9t@jugem.jp,Female
355,Missie,Sofe,msofe9u@jugem.jp,Female
356,Ricki,Snowsill,rsnowsill9v@jigsy.com,Male
357,Elias,Mc Faul,emcfaul9w@wix.com,Male
358,Gunter,Croy,gcroy9x@apache.org,Male
359,Shepherd,Osgardby,sosgardby9y@jugem.jp,Male
360,Willamina,Endricci,wendricci9z@smugmug.com,Female
361,Valentin,Abthorpe,vabthorpea0@si.edu,Male
362,Fonsie,Dobrowski,fdobrowskia1@microsoft.com,Male
363,Bond,Noyes,bnoyesa2@weibo.com,Male
364,Alfie,Swadon,aswadona3@businesswire.com,Male
365,Kit,Mcall,kmcalla4@biblegateway.com,Male
366,Brittan,Puddephatt,bpuddephatta5@google.it,Female
367,Alaster,Pattillo,apattilloa6@google.com.au,Male
368,Sigvard,Woolaston,swoolastona7@artisteer.com,Male
369,Daria,Simkiss,dsimkissa8@wikia.com,Female
370,Broderick,Ivanitsa,bivanitsaa9@squidoo.com,Male
371,Rafa,Raddish,rraddishaa@rambler.ru,Female
372,Almire,Marre,amarreab@nymag.com,Female
373,Irwin,Gerckens,igerckensac@comsenz.com,Male
374,Janka,Marran,jmarranad@topsy.com,Female
375,Anni,Combes,acombesae@vimeo.com,Female
376,Eli,Pouton,epoutonaf@themeforest.net,Male
377,Garold,Van Hove,gvanhoveag@sohu.com,Male
378,Eugenius,Angliss,eanglissah@huffingtonpost.com,Male
379,Sander,MacTerrelly,smacterrellyai@soundcloud.com,Male
380,Tabby,Ruggen,truggenaj@slashdot.org,Male
381,Laurens,Syms,lsymsak@123-reg.co.uk,Male
382,Kip,Bovingdon,kbovingdonal@imageshack.us,Female
383,Ingemar,Gyurkovics,igyurkovicsam@reddit.com,Male
384,Dre,Karlsson,dkarlssonan@themeforest.net,Female
385,Neill,Ruthen,nruthenao@google.com.hk,Male
386,Jilleen,Hiley,jhileyap@nationalgeographic.com,Female
387,Vivien,Normavill,vnormavillaq@altervista.org,Female
388,Micky,Bertolin,mbertolinar@creativecommons.org,Female
389,Diane,Baxandall,dbaxandallas@cam.ac.uk,Female
390,Rafa,Le Batteur,rlebatteurat@weather.com,Female
391,Heidie,McAulay,hmcaulayau@foxnews.com,Female
392,Winnie,Ortiga,wortigaav@auda.org.au,Female
393,Sean,Burdin,sburdinaw@dropbox.com,Male
394,Fair,Isaac,fisaacax@indiegogo.com,Male
395,Waverley,Grimsdith,wgrimsdithay@wix.com,Male
396,Court,Maltster,cmaltsteraz@linkedin.com,Male
397,Coop,Tudhope,ctudhopeb0@free.fr,Male
398,Lissa,Savins,lsavinsb1@mit.edu,Female
399,Quinta,Macia,qmaciab2@deviantart.com,Female
400,Penny,Le Fevre,plefevreb3@indiegogo.com,Male
401,Prudi,Lacer,placerb4@geocities.com,Female
402,Trudy,Davioud,tdavioudb5@ycombinator.com,Female
403,Corinna,Risman,crismanb6@homestead.com,Female
404,Jackelyn,Creebo,jcreebob7@unblog.fr,Female
405,Joanie,Kefford,jkeffordb8@dailymail.co.uk,Female
406,Graeme,Kleanthous,gkleanthousb9@woothemes.com,Male
407,Sarajane,Moff,smoffba@cnn.com,Female
408,Cathleen,Pittoli,cpittolibb@amazonaws.com,Female
409,Kristoffer,Hargreave,khargreavebc@goodreads.com,Male
410,Emlen,Cant,ecantbd@51.la,Male
411,Brianna,Hawkswood,bhawkswoodbe@sourceforge.net,Female
412,Sheppard,Tingley,stingleybf@meetup.com,Male
413,Roanne,Bordes,rbordesbg@jalbum.net,Female
414,Nil,Ducker,nduckerbh@upenn.edu,Male
415,Milka,Lawlee,mlawleebi@yolasite.com,Female
416,Emlynne,McDonnell,emcdonnellbj@amazon.co.uk,Female
417,Mohammed,Itzcovichch,mitzcovichchbk@sina.com.cn,Male
418,Ernie,Skittle,eskittlebl@who.int,Male
419,Drucill,Laverty,dlavertybm@opera.com,Female
420,Bord,St. Leger,bstlegerbn@last.fm,Male
421,Lisetta,Linham,llinhambo@wufoo.com,Female
422,Claudian,Abramovicz,cabramoviczbp@digg.com,Male
423,Zorana,Cluitt,zcluittbq@oracle.com,Female
424,Ignacio,Caldera,icalderabr@people.com.cn,Male
425,Jodie,Christofle,jchristoflebs@github.com,Male
426,Carrol,Ricardou,cricardoubt@mysql.com,Male
427,Arney,Stamps,astampsbu@google.ru,Male
428,Charlean,Benditt,cbendittbv@hugedomains.com,Female
429,Jacobo,Sharpin,jsharpinbw@spiegel.de,Male
430,Berna,Escritt,bescrittbx@miitbeian.gov.cn,Female
431,Kele,Axelbee,kaxelbeeby@mlb.com,Male
432,Gorden,Chantler,gchantlerbz@phoca.cz,Male
433,Aeriell,Girardini,agirardinic0@omniture.com,Female
434,Lavina,Daid,ldaidc1@columbia.edu,Female
435,Bord,Cortnay,bcortnayc2@archive.org,Male
436,Lester,Bayston,lbaystonc3@posterous.com,Male
437,Peterus,Vaud,pvaudc4@hao123.com,Male
438,Wenona,Schistl,wschistlc5@google.nl,Female
439,Albert,Gotthard,agotthardc6@theguardian.com,Male
440,Trefor,Demaine,tdemainec7@uiuc.edu,Male
441,Prescott,Bernt,pberntc8@shutterfly.com,Male
442,Quinn,Grumbridge,qgrumbridgec9@cisco.com,Male
443,Paul,Arderne,parderneca@biblegateway.com,Male
444,Karin,Winterbotham,kwinterbothamcb@typepad.com,Female
445,Martica,Kinchlea,mkinchleacc@linkedin.com,Female
446,Jonell,Illyes,jillyescd@omniture.com,Female
447,Tonnie,Jilliss,tjillissce@facebook.com,Male
448,Malachi,Westwell,mwestwellcf@china.com.cn,Male
449,Juline,Lillow,jlillowcg@wikispaces.com,Female
450,Gennie,Keiling,gkeilingch@chronoengine.com,Female
451,Matthiew,Whale,mwhaleci@jalbum.net,Male
452,Paulette,Patnelli,ppatnellicj@salon.com,Female
453,Ladonna,Meiklam,lmeiklamck@nhs.uk,Female
454,Auria,McCorley,amccorleycl@aboutads.info,Female
455,Liz,Wickey,lwickeycm@themeforest.net,Female
456,Amitie,Torry,atorrycn@techcrunch.com,Female
457,Khalil,Russe,krusseco@technorati.com,Male
458,Eleonore,Payler,epaylercp@seesaa.net,Female
459,Dominique,Tiernan,dtiernancq@state.tx.us,Male
460,Raychel,Dawley,rdawleycr@fotki.com,Female
461,Dorrie,Abbey,dabbeycs@businessweek.com,Female
462,Julio,Chadband,jchadbandct@redcross.org,Male
463,Ram,Errol,rerrolcu@skype.com,Male
464,Horatio,Gilks,hgilkscv@slate.com,Male
465,Gerti,MacCafferky,gmaccafferkycw@odnoklassniki.ru,Female
466,Raimundo,Triggs,rtriggscx@ycombinator.com,Male
467,Kerrin,Tonbridge,ktonbridgecy@businessinsider.com,Female
468,Margery,Heathwood,mheathwoodcz@i2i.jp,Female
469,Benji,Thickin,bthickind0@wp.com,Male
470,Perl,Brunini,pbruninid1@netscape.com,Female
471,Creighton,Scoffham,cscoffhamd2@friendfeed.com,Male
472,Deloria,Klousner,dklousnerd3@com.com,Female
473,Ado,Babalola,ababalolad4@sogou.com,Male
474,Wheeler,Meert,wmeertd5@wp.com,Male
475,Matilde,Genese,mgenesed6@go.com,Female
476,Serene,Fontenot,sfontenotd7@sbwire.com,Female
477,Hermon,Malcolm,hmalcolmd8@state.gov,Male
478,Marisa,Labbez,mlabbezd9@google.es,Female
479,Katy,Buston,kbustonda@narod.ru,Female
480,Phyllis,Sturmey,psturmeydb@soundcloud.com,Female
481,Abbe,Bettington,abettingtondc@businesswire.com,Female
482,Anatola,MacLaren,amaclarendd@telegraph.co.uk,Female
483,Wilma,Courtman,wcourtmande@mozilla.com,Female
484,Celestine,Spensley,cspensleydf@sphinn.com,Female
485,Lemuel,Sarney,lsarneydg@engadget.com,Male
486,Rosalynd,Barense,rbarensedh@last.fm,Female
487,Clary,Alty,caltydi@springer.com,Female
488,Devina,Fayerman,dfayermandj@github.io,Female
489,Sadie,Bennike,sbennikedk@fotki.com,Female
490,Vina,McCloid,vmccloiddl@epa.gov,Female
491,Libbi,Kingett,lkingettdm@twitpic.com,Female
492,Elsi,Keeney,ekeeneydn@bbb.org,Female
493,Addison,Gomery,agomerydo@creativecommons.org,Male
494,Ceil,Wigan,cwigandp@homestead.com,Female
495,Kori,Yelyashev,kyelyashevdq@usgs.gov,Female
496,Bobbette,Vitler,bvitlerdr@sourceforge.net,Female
497,Llewellyn,Bagnold,lbagnoldds@mlb.com,Male
498,Gayla,Scolding,gscoldingdt@samsung.com,Female
499,Paquito,Grattan,pgrattandu@meetup.com,Male
500,Fianna,Duchasteau,fduchasteaudv@cpanel.net,Female
501,Muriel,Mashal,mmashaldw@zimbio.com,Female
502,Brena,Leall,blealldx@creativecommons.org,Female
503,Duffie,Stearne,dstearnedy@loc.gov,Male
504,Zerk,Veeler,zveelerdz@stanford.edu,Male
505,Aeriela,Marron,amarrone0@ebay.com,Female
506,Erik,Benning,ebenninge1@blinklist.com,Male
507,Arielle,Dumbleton,adumbletone2@shinystat.com,Female
508,Torr,Ealden,tealdene3@mayoclinic.com,Male
509,Thaxter,Hamfleet,thamfleete4@sun.com,Male
510,Kandace,Connue,kconnuee5@github.com,Female
511,Johnathon,Schoenrock,jschoenrocke6@bravesites.com,Male
512,Erin,Beneyto,ebeneytoe7@cdc.gov,Female
513,Eal,Klaggeman,eklaggemane8@qq.com,Male
514,Ethe,Petts,epettse9@shutterfly.com,Male
515,Dame,Elbourn,delbournea@google.nl,Male
516,Abby,Draijer,adraijereb@slashdot.org,Male
517,Denys,Whordley,dwhordleyec@examiner.com,Female
518,Tobie,Romao,tromaoed@chicagotribune.com,Male
519,Bartholomew,Stannislawski,bstannislawskiee@washington.edu,Male
520,Martina,Warrior,mwarrioref@cnbc.com,Female
521,Basilio,Winterflood,bwinterfloodeg@howstuffworks.com,Male
522,Wolf,Burstowe,wburstoweeh@blogtalkradio.com,Male
523,Willetta,Lambertz,wlambertzei@shutterfly.com,Female
524,Faina,Dupey,fdupeyej@comsenz.com,Female
525,Marcos,Schiesterl,mschiesterlek@mit.edu,Male
526,Dee dee,Harteley,dharteleyel@mashable.com,Female
527,Maureen,Middle,mmiddleem@friendfeed.com,Female
528,Court,Schowenburg,cschowenburgen@usa.gov,Male
529,Mandy,O'Neil,moneileo@samsung.com,Female
530,Thornie,Godsell,tgodsellep@telegraph.co.uk,Male
531,Roxane,Meynell,rmeynelleq@soup.io,Female
532,Mignonne,Beecker,mbeeckerer@admin.ch,Female
533,Carroll,Chartres,cchartreses@wordpress.com,Female
534,Larissa,Bloyes,lbloyeset@blogtalkradio.com,Female
535,Isabella,Minichillo,iminichilloeu@earthlink.net,Female
536,Betsy,Planque,bplanqueev@amazon.co.uk,Female
537,Warren,Haywood,whaywoodew@homestead.com,Male
538,Alisander,Andriolli,aandriolliex@gravatar.com,Male
539,Martina,Whitcher,mwhitcherey@ed.gov,Female
540,Tan,Mordy,tmordyez@hibu.com,Male
541,Hermy,Kleynermans,hkleynermansf0@scientificamerican.com,Male
542,Vernon,Dielhenn,vdielhennf1@noaa.gov,Male
543,Dolph,Pitblado,dpitbladof2@t-online.de,Male
544,Yehudi,Roskam,yroskamf3@engadget.com,Male
545,Godiva,Gethen,ggethenf4@posterous.com,Female
546,Ophelia,Bourgaize,obourgaizef5@tinypic.com,Female
547,Madelaine,Giffin,mgiffinf6@mtv.com,Female
548,Fielding,Dawley,fdawleyf7@google.co.uk,Male
549,Dorie,Stamps,dstampsf8@google.es,Female
550,Ellis,Beeching,ebeechingf9@webmd.com,Male
551,Welbie,Landor,wlandorfa@deviantart.com,Male
552,Ardys,Koppel,akoppelfb@multiply.com,Female
553,Georgetta,Dockrill,gdockrillfc@gov.uk,Female
554,Rois,Rachuig,rrachuigfd@wix.com,Female
555,Valida,Maltster,vmaltsterfe@cloudflare.com,Female
556,Kirsti,Pegram,kpegramff@1688.com,Female
557,Tallie,Paulino,tpaulinofg@google.pl,Female
558,Anya,Evison,aevisonfh@cloudflare.com,Female
559,Adelind,McPeice,amcpeicefi@sciencedirect.com,Female
560,Parsifal,Smith,psmithfj@g.co,Male
561,Franky,Southcoat,fsouthcoatfk@ocn.ne.jp,Male
562,Antons,Carswell,acarswellfl@pagesperso-orange.fr,Male
563,Marijn,Lombard,mlombardfm@mashable.com,Male
564,Tally,Hearsey,thearseyfn@princeton.edu,Male
565,Tiena,Manna,tmannafo@adobe.com,Female
566,Natale,Bosket,nbosketfp@sfgate.com,Male
567,Russell,Donn,rdonnfq@linkedin.com,Male
568,Mel,O'Feeney,mofeeneyfr@addthis.com,Female
569,Kari,Shankster,kshanksterfs@soundcloud.com,Female
570,Mollee,Klausewitz,mklausewitzft@gnu.org,Female
571,Daisie,Sheringham,dsheringhamfu@sciencedaily.com,Female
572,Darnall,Badsey,dbadseyfv@pcworld.com,Male
573,Marnie,Olin,molinfw@oakley.com,Female
574,Reynard,Meletti,rmelettifx@cpanel.net,Male
575,Alexei,Giocannoni,agiocannonify@nba.com,Male
576,Rupert,Heggman,rheggmanfz@skype.com,Male
577,Cyrille,Dossettor,cdossettorg0@cdc.gov,Male
578,Jermayne,Bothie,jbothieg1@cargocollective.com,Male
579,Merrel,Bagge,mbaggeg2@cnn.com,Male
580,Frans,Snow,fsnowg3@slideshare.net,Male
581,Westleigh,Scothorne,wscothorneg4@arizona.edu,Male
582,Gustav,Schlagtmans,gschlagtmansg5@techcrunch.com,Male
583,Dasie,Courage,dcourageg6@dot.gov,Female
584,Amye,Lindenberg,alindenbergg7@sciencedirect.com,Female
585,Prisca,Allard,pallardg8@bravesites.com,Female
586,Mata,Gellately,mgellatelyg9@techcrunch.com,Male
587,Kristina,Wasmer,kwasmerga@reuters.com,Female
588,Olivia,Crighten,ocrightengb@163.com,Female
589,Ahmed,Halpen,ahalpengc@stumbleupon.com,Male
590,Dolores,Dumbelton,ddumbeltongd@geocities.com,Female
591,Arda,Glasscock,aglasscockge@google.co.jp,Female
592,Liza,Schurcke,lschurckegf@wiley.com,Female
593,Maitilde,Wheal,mwhealgg@yandex.ru,Female
594,Nikola,Hayfield,nhayfieldgh@google.co.jp,Male
595,Tabby,Sterland,tsterlandgi@webmd.com,Female
596,Tobey,Joanic,tjoanicgj@symantec.com,Female
597,Isacco,Gayton,igaytongk@ted.com,Male
598,Olivier,Balcombe,obalcombegl@flavors.me,Male
599,Wolf,Sakins,wsakinsgm@delicious.com,Male
600,Kaitlyn,Garm,kgarmgn@latimes.com,Female
601,Steve,Dagwell,sdagwellgo@boston.com,Male
602,Barth,Houltham,bhoulthamgp@amazon.co.uk,Male
603,Briggs,Watts,bwattsgq@ihg.com,Male
604,Bryana,Mulder,bmuldergr@live.com,Female
605,Ange,Regelous,aregelousgs@nhs.uk,Female
606,Lacey,Darton,ldartongt@digg.com,Female
607,Colin,Crosen,ccrosengu@google.com.br,Male
608,Lorenza,Goodsal,lgoodsalgv@hexun.com,Female
609,Drugi,Warlowe,dwarlowegw@unesco.org,Male
610,Margarita,Wanklyn,mwanklyngx@uiuc.edu,Female
611,Alair,Skinner,askinnergy@ed.gov,Male
612,Cassie,Hayland,chaylandgz@nymag.com,Male
613,George,Gear,ggearh0@issuu.com,Male
614,Franklin,Martschke,fmartschkeh1@discuz.net,Male
615,Sonja,Earngy,searngyh2@amazon.com,Female
616,Ruthe,Pioch,rpiochh3@dmoz.org,Female
617,Merrily,Campos,mcamposh4@com.com,Female
618,Gregor,Scramage,gscramageh5@patch.com,Male
619,Nona,Stegel,nstegelh6@booking.com,Female
620,Matelda,Stadden,mstaddenh7@imageshack.us,Female
621,Marsh,Bottby,mbottbyh8@nhs.uk,Male
622,Batholomew,Horley,bhorleyh9@amazonaws.com,Male
623,Bradley,Idill,bidillha@soup.io,Male
624,Stacee,Warrender,swarrenderhb@google.co.jp,Female
625,Clim,Dalliwatr,cdalliwatrhc@state.tx.us,Male
626,Jim,Tewelson,jtewelsonhd@abc.net.au,Male
627,Marget,Janney,mjanneyhe@amazon.co.uk,Female
628,Ginny,Poveleye,gpoveleyehf@netvibes.com,Female
629,Abby,Mahaddie,amahaddiehg@booking.com,Female
630,Elmira,Buddock,ebuddockhh@liveinternet.ru,Female
631,Kennett,Harsnep,kharsnephi@hao123.com,Male
632,Hans,Gally,hgallyhj@ebay.com,Male
633,Alric,Lilly,alillyhk@house.gov,Male
634,Odilia,Gorelli,ogorellihl@networksolutions.com,Female
635,Brigitta,Van Zon,bvanzonhm@ebay.com,Female
636,Lorianna,Withnall,lwithnallhn@dmoz.org,Female
637,Iggy,Cram,icramho@1688.com,Male
638,Richy,Mole,rmolehp@meetup.com,Male
639,Gena,Borrell,gborrellhq@sohu.com,Female
640,Neron,Bernli,nbernlihr@msu.edu,Male
641,Lida,Doodney,ldoodneyhs@tripod.com,Female
642,Rozanna,Follan,rfollanht@woothemes.com,Female
643,Royce,MacTrustie,rmactrustiehu@flavors.me,Male
644,Celisse,Grunwald,cgrunwaldhv@linkedin.com,Female
645,Gasper,Chasemoore,gchasemoorehw@census.gov,Male
646,Lilyan,Haynes,lhayneshx@miibeian.gov.cn,Female
647,Hi,Yaus,hyaushy@blog.com,Male
648,Rene,Upwood,rupwoodhz@de.vu,Female
649,Gisella,Burridge,gburridgei0@umn.edu,Female
650,Ricard,Dyball,rdyballi1@slate.com,Male
651,Lenna,Garthshore,lgarthshorei2@disqus.com,Female
652,Steve,Boerderman,sboerdermani3@aol.com,Male
653,Rob,Lewsey,rlewseyi4@xrea.com,Male
654,Carolynn,Wildman,cwildmani5@netscape.com,Female
655,Ianthe,Slader,isladeri6@bbc.co.uk,Female
656,Merline,Kremer,mkremeri7@nbcnews.com,Female
657,Giordano,Gheorghe,ggheorghei8@cornell.edu,Male
658,Aidan,Elcom,aelcomi9@seesaa.net,Female
659,Carolina,Caskie,ccaskieia@unicef.org,Female
660,Petra,Paroni,pparoniib@discovery.com,Female
661,Maggy,Whardley,mwhardleyic@japanpost.jp,Female
662,Jenine,Peckett,jpeckettid@springer.com,Female
663,Gustaf,Balffye,gbalffyeie@sciencedirect.com,Male
664,Shane,Tapper,stapperif@skyrock.com,Female
665,Tyson,Romushkin,tromushkinig@zimbio.com,Male
666,Carmon,Studde,cstuddeih@netscape.com,Female
667,Rolando,Flintoff,rflintoffii@digg.com,Male
668,Alaster,Mousby,amousbyij@army.mil,Male
669,Carmelina,Kahan,ckahanik@nbcnews.com,Female
670,Farlay,Applegate,fapplegateil@phoca.cz,Male
671,Dara,Chown,dchownim@ycombinator.com,Female
672,Ave,Bristowe,abristowein@sina.com.cn,Male
673,Emalee,Kilsby,ekilsbyio@apple.com,Female
674,Gwennie,Lugard,glugardip@elpais.com,Female
675,Ellsworth,Stuchberry,estuchberryiq@nationalgeographic.com,Male
676,Angelina,Buncombe,abuncombeir@indiegogo.com,Female
677,Geoffry,Joule,gjouleis@usda.gov,Male
678,Sadie,Rudham,srudhamit@facebook.com,Female
679,Misti,Aronstam,maronstamiu@blogs.com,Female
680,Carmelle,Marlow,cmarlowiv@webs.com,Female
681,Julianne,Cluney,jcluneyiw@wufoo.com,Female
682,Norine,Butterworth,nbutterworthix@slideshare.net,Female
683,Marylin,Jaukovic,mjaukoviciy@yelp.com,Female
684,Martyn,Esplin,mespliniz@youtu.be,Male
685,Cyb,MacPaike,cmacpaikej0@newsvine.com,Female
686,Ali,Prozescky,aprozesckyj1@digg.com,Male
687,Caron,Peatt,cpeattj2@wordpress.org,Female
688,Cathrine,Whyffen,cwhyffenj3@oakley.com,Female
689,Amabel,Bendelow,abendelowj4@cloudflare.com,Female
690,King,Kinnen,kkinnenj5@spotify.com,Male
691,Pat,Geikie,pgeikiej6@flavors.me,Male
692,Ernestine,Kennady,ekennadyj7@bbb.org,Female
693,Fred,Stockley,fstockleyj8@army.mil,Male
694,Johny,Klimczak,jklimczakj9@loc.gov,Male
695,Pedro,Tour,ptourja@wisc.edu,Male
696,Hobie,Hadland,hhadlandjb@a8.net,Male
697,Rianon,Tillerton,rtillertonjc@dedecms.com,Female
698,Marline,Nevill,mnevilljd@nyu.edu,Female
699,Ardith,Kettridge,akettridgeje@wired.com,Female
700,Robbi,MacAnespie,rmacanespiejf@spotify.com,Female
701,Borden,Forsard,bforsardjg@bloglines.com,Male
702,Lena,Hacun,lhacunjh@wikimedia.org,Female
703,Chelsie,Suthren,csuthrenji@tumblr.com,Female
704,Verge,Rustadge,vrustadgejj@godaddy.com,Male
705,Shalna,Laws,slawsjk@buzzfeed.com,Female
706,Axel,Greenhouse,agreenhousejl@sun.com,Male
707,Lewiss,O'Loughnan,loloughnanjm@1688.com,Male
708,Gilburt,Enever,geneverjn@sfgate.com,Male
709,Timmy,Hugueville,thuguevillejo@latimes.com,Male
710,Wood,Chicotti,wchicottijp@wired.com,Male
711,Eleanore,Corness,ecornessjq@live.com,Female
712,Prudy,Southern,psouthernjr@google.com.br,Female
713,Aristotle,Brabant,abrabantjs@cornell.edu,Male
714,Natividad,Adamou,nadamoujt@timesonline.co.uk,Female
715,Shoshanna,Reeme,sreemeju@last.fm,Female
716,Willard,Fulleylove,wfulleylovejv@opensource.org,Male
717,Nerta,Ruddell,nruddelljw@washingtonpost.com,Female
718,Lalo,Stonall,lstonalljx@cpanel.net,Male
719,Ryley,Phillot,rphillotjy@netscape.com,Male
720,Gage,Eversley,geversleyjz@deliciousdays.com,Male
721,Bruno,Lelievre,blelievrek0@washington.edu,Male
722,Nye,Andrysiak,nandrysiakk1@amazon.co.jp,Male
723,Brandy,Glyde,bglydek2@squarespace.com,Male
724,Jackson,Tuson,jtusonk3@multiply.com,Male
725,Arnuad,Drayn,adraynk4@soup.io,Male
726,Jaime,Shimmings,jshimmingsk5@tiny.cc,Male
727,Britta,Graeser,bgraeserk6@godaddy.com,Female
728,Dani,Thorald,dthoraldk7@china.com.cn,Male
729,Noni,Lethibridge,nlethibridgek8@t-online.de,Female
730,Kerk,Lockhart,klockhartk9@so-net.ne.jp,Male
731,Allayne,Heinert,aheinertka@merriam-webster.com,Male
732,Decca,Farrington,dfarringtonkb@deviantart.com,Male
733,Natalya,Osbaldeston,nosbaldestonkc@unc.edu,Female
734,Correy,Splevins,csplevinskd@smugmug.com,Male
735,Rufe,Brood,rbroodke@mac.com,Male
736,Luke,Cristofanini,lcristofaninikf@w3.org,Male
737,Solomon,Major,smajorkg@dyndns.org,Male
738,Harold,Broke,hbrokekh@accuweather.com,Male
739,Sile,Whotton,swhottonki@privacy.gov.au,Female
740,Chariot,Mostyn,cmostynkj@imgur.com,Male
741,Darcie,McKeeman,dmckeemankk@goo.ne.jp,Female
742,Gardie,Codner,gcodnerkl@cpanel.net,Male
743,Fanchette,Kennerknecht,fkennerknechtkm@addtoany.com,Female
744,Gianna,Manes,gmaneskn@hc360.com,Female
745,Nevil,Divers,ndiversko@addthis.com,Male
746,Burtie,Shave,bshavekp@vistaprint.com,Male
747,Ree,McGilleghole,rmcgillegholekq@unicef.org,Female
748,Stanly,Bertin,sbertinkr@comcast.net,Male
749,Karilynn,Clue,kclueks@who.int,Female
750,Salomon,Lilloe,slilloekt@ehow.com,Male
751,Brade,Eckhard,beckhardku@whitehouse.gov,Male
752,Darelle,Shepcutt,dshepcuttkv@indiatimes.com,Female
753,Audi,Keen,akeenkw@paypal.com,Female
754,Floyd,Stilgoe,fstilgoekx@oracle.com,Male
755,Putnem,Piddlehinton,ppiddlehintonky@nydailynews.com,Male
756,Michaeline,Gelardi,mgelardikz@yahoo.com,Female
757,Kaleena,Pretious,kpretiousl0@economist.com,Female
758,Basilius,Bedburrow,bbedburrowl1@google.cn,Male
759,Cobb,Cadden,ccaddenl2@trellian.com,Male
760,Devon,Castellaccio,dcastellacciol3@fda.gov,Female
761,Wandie,Dumini,wduminil4@smugmug.com,Female
762,Lane,O'Doherty,lodohertyl5@comsenz.com,Male
763,Nydia,Blague,nblaguel6@smugmug.com,Female
764,Leann,Johl,ljohll7@theatlantic.com,Female
765,Jehanna,Clandillon,jclandillonl8@goo.gl,Female
766,Legra,Cejka,lcejkal9@merriam-webster.com,Female
767,Buddie,Horsell,bhorsellla@mashable.com,Male
768,Garrek,Godilington,ggodilingtonlb@deliciousdays.com,Male
769,Glenn,Pheazey,gpheazeylc@google.co.jp,Female
770,Dionisio,Patry,dpatryld@youtube.com,Male
771,Gordy,Blackleech,gblackleechle@berkeley.edu,Male
772,Editha,Mingardo,emingardolf@amazon.com,Female
773,Rebeca,Seven,rsevenlg@freewebs.com,Female
774,Quincey,Heskey,qheskeylh@apple.com,Male
775,Andris,Fake,afakeli@mapy.cz,Male
776,Vincent,Kinnen,vkinnenlj@indiatimes.com,Male
777,Joachim,Cook,jcooklk@blinklist.com,Male
778,Sigrid,Phizacklea,sphizackleall@zimbio.com,Female
779,Markos,Arundel,marundellm@microsoft.com,Male
780,Ardra,Thrasher,athrasherln@sphinn.com,Female
781,Tyler,Darrigoe,tdarrigoelo@twitpic.com,Male
782,Alain,Cuell,acuelllp@1688.com,Male
783,Prince,Doniso,pdonisolq@senate.gov,Male
784,Orella,Forster,oforsterlr@imageshack.us,Female
785,Roze,Fancet,rfancetls@lycos.com,Female
786,Cecilio,Kamiyama,ckamiyamalt@bloglines.com,Male
787,Karel,Hurdis,khurdislu@hp.com,Male
788,Betty,Nockles,bnockleslv@merriam-webster.com,Female
789,Forster,Hague,fhaguelw@imgur.com,Male
790,Elia,Vaud,evaudlx@sun.com,Male
791,Scott,Martineau,smartineauly@tmall.com,Male
792,Floyd,Cowely,fcowelylz@tuttocitta.it,Male
793,Frederique,Wisedale,fwisedalem0@washingtonpost.com,Female
794,Gasper,Desesquelle,gdesesquellem1@squarespace.com,Male
795,Nathanial,Kopisch,nkopischm2@accuweather.com,Male
796,Gun,Selbie,gselbiem3@360.cn,Male
797,Trueman,Ilsley,tilsleym4@mashable.com,Male
798,Cristiano,Grunnill,cgrunnillm5@myspace.com,Male
799,Daffie,Boarer,dboarerm6@wix.com,Female
800,Buckie,Kalb,bkalbm7@blog.com,Male
801,Booth,Loxdale,bloxdalem8@amazon.de,Male
802,Bobby,Jerke,bjerkem9@deviantart.com,Female
803,Estrellita,Yankin,eyankinma@desdev.cn,Female
804,Annabela,Kingscote,akingscotemb@ihg.com,Female
805,Emmery,Pingston,epingstonmc@cnbc.com,Male
806,Robina,Shrive,rshrivemd@cafepress.com,Female
807,Patrice,Kingaby,pkingabyme@wikispaces.com,Male
808,Brion,Wilkie,bwilkiemf@is.gd,Male
809,Ronni,Wildt,rwildtmg@prlog.org,Female
810,Madeline,Tethcote,mtethcotemh@domainmarket.com,Female
811,Hinda,Stigers,hstigersmi@chronoengine.com,Female
812,Rudolfo,Djokic,rdjokicmj@umich.edu,Male
813,Gavrielle,Keems,gkeemsmk@hexun.com,Female
814,Melli,Jiruch,mjiruchml@google.com.hk,Female
815,Waverley,Delaprelle,wdelaprellemm@skype.com,Male
816,Obie,Haddeston,ohaddestonmn@acquirethisname.com,Male
817,Danila,Twining,dtwiningmo@webs.com,Female
818,Harman,MacCallion,hmaccallionmp@hugedomains.com,Male
819,Ashil,Earney,aearneymq@npr.org,Female
820,Karolina,Alphonso,kalphonsomr@netlog.com,Female
821,Desirae,Palser,dpalserms@stumbleupon.com,Female
822,Daile,Havoc,dhavocmt@sourceforge.net,Female
823,Hailey,Redington,hredingtonmu@jigsy.com,Male
824,Stearn,Dunkirk,sdunkirkmv@google.com,Male
825,Kelvin,Viggars,kviggarsmw@slate.com,Male
826,Duffie,Yacob,dyacobmx@oaic.gov.au,Male
827,Bonita,Egerton,begertonmy@fc2.com,Female
828,Jessica,Greenmon,jgreenmonmz@springer.com,Female
829,Donavon,Elis,delisn0@nytimes.com,Male
830,Tricia,Dranfield,tdranfieldn1@amazon.co.uk,Female
831,Rhianon,Chapiro,rchapiron2@cnn.com,Female
832,Russell,Simoni,rsimonin3@mozilla.com,Male
833,Krystalle,Disbury,kdisburyn4@dell.com,Female
834,Alec,Gibson,agibsonn5@simplemachines.org,Male
835,Zacherie,Featley,zfeatleyn6@google.pl,Male
836,Damian,Petz,dpetzn7@smh.com.au,Male
837,Carlota,Rozalski,crozalskin8@prweb.com,Female
838,Kelsi,Waycot,kwaycotn9@dropbox.com,Female
839,Niko,Libreros,nlibrerosna@abc.net.au,Male
840,Farah,Arrell,farrellnb@about.me,Female
841,Yankee,Smorthwaite,ysmorthwaitenc@ted.com,Male
842,Pembroke,Winters,pwintersnd@bloglovin.com,Male
843,Terza,Gooly,tgoolyne@friendfeed.com,Female
844,Jonie,Proudlove,jproudlovenf@fotki.com,Female
845,Elissa,Grene,egreneng@lulu.com,Female
846,Ladonna,Harler,lharlernh@vinaora.com,Female
847,Quint,Shattock,qshattockni@taobao.com,Male
848,Annabal,Spragg,aspraggnj@taobao.com,Female
849,Cammie,Ziemecki,cziemeckink@unc.edu,Female
850,Colly,Mayman,cmaymannl@reference.com,Female
851,Mira,Barrell,mbarrellnm@stanford.edu,Female
852,Robert,Ferriby,rferribynn@creativecommons.org,Male
853,Igor,Whyler,iwhylerno@skyrock.com,Male
854,Morgun,Vince,mvincenp@cpanel.net,Male
855,Myra,Ernshaw,mernshawnq@1und1.de,Female
856,Ailey,Fennell,afennellnr@dagondesign.com,Female
857,Clim,Prine,cprinens@hao123.com,Male
858,Andy,Kinnock,akinnocknt@freewebs.com,Female
859,Graehme,Tysall,gtysallnu@multiply.com,Male
860,Bethany,Beric,bbericnv@boston.com,Female
861,Shannon,Libbey,slibbeynw@indiegogo.com,Male
862,Aguie,Willimot,awillimotnx@nymag.com,Male
863,Sauncho,Sowden,ssowdenny@fda.gov,Male
864,Linnell,Holworth,lholworthnz@mashable.com,Female
865,Audrye,Clift,aclifto0@altervista.org,Female
866,Etienne,Livingstone,elivingstoneo1@who.int,Male
867,Angeline,Sabater,asabatero2@jimdo.com,Female
868,Mattie,Loades,mloadeso3@mozilla.com,Female
869,Abram,Seery,aseeryo4@opera.com,Male
870,Daffi,Eltune,deltuneo5@sina.com.cn,Female
871,Clerkclaude,McGinny,cmcginnyo6@irs.gov,Male
872,Bridgette,Pesticcio,bpesticcioo7@zimbio.com,Female
873,Blake,Mathis,bmathiso8@linkedin.com,Male
874,Alma,Trathen,atratheno9@ihg.com,Female
875,Eldin,Ringer,eringeroa@dailymotion.com,Male
876,Raffaello,Ilyinski,rilyinskiob@mozilla.com,Male
877,Stormie,Chalke,schalkeoc@godaddy.com,Female
878,Justine,Gittoes,jgittoesod@loc.gov,Female
879,Griffie,Hurles,ghurlesoe@yellowpages.com,Male
880,Baxter,Seif,bseifof@house.gov,Male
881,Consolata,Dalgety,cdalgetyog@ucla.edu,Female
882,Marco,Gertray,mgertrayoh@godaddy.com,Male
883,Paige,Fearnside,pfearnsideoi@4shared.com,Female
884,Fionna,Sessions,fsessionsoj@altervista.org,Female
885,Jeremy,Hedgeley,jhedgeleyok@ihg.com,Male
886,Dreddy,Cammack,dcammackol@miitbeian.gov.cn,Female
887,Loydie,Foddy,lfoddyom@china.com.cn,Male
888,Winni,Levitt,wlevitton@alibaba.com,Female
889,Tann,Feldmann,tfeldmannoo@paginegialle.it,Male
890,Danica,Barbara,dbarbaraop@ocn.ne.jp,Female
891,Sebastien,Battams,sbattamsoq@prlog.org,Male
892,Bethany,Standell,bstandellor@independent.co.uk,Female
893,Meghann,Malafe,mmalafeos@typepad.com,Female
894,Ebonee,Endecott,eendecottot@wikipedia.org,Female
895,Twila,Gettings,tgettingsou@unc.edu,Female
896,Lori,Gaither,lgaitherov@shop-pro.jp,Female
897,Etienne,Cullinan,ecullinanow@seattletimes.com,Male
898,Lorne,Mattiazzo,lmattiazzoox@mtv.com,Male
899,Dyann,Ledes,dledesoy@paypal.com,Female
900,Jorrie,Clinkard,jclinkardoz@ox.ac.uk,Female
901,Edgard,Fairhurst,efairhurstp0@creativecommons.org,Male
902,Kore,Seggie,kseggiep1@nature.com,Female
903,Garvey,Jzak,gjzakp2@imdb.com,Male
904,Philly,Tothe,ptothep3@nasa.gov,Female
905,Rourke,Collinwood,rcollinwoodp4@1688.com,Male
906,Aland,Memmory,amemmoryp5@ning.com,Male
907,Jacquie,Colliber,jcolliberp6@domainmarket.com,Female
908,Quincy,Hewins,qhewinsp7@nyu.edu,Male
909,April,Harradine,aharradinep8@bravesites.com,Female
910,Ranique,Normavill,rnormavillp9@ovh.net,Female
911,Mallory,Hardwell,mhardwellpa@eventbrite.com,Female
912,Burnaby,Hamal,bhamalpb@exblog.jp,Male
913,Aguistin,Hutchence,ahutchencepc@stumbleupon.com,Male
914,Hillery,Heining,hheiningpd@gnu.org,Male
915,Lemuel,Genty,lgentype@imageshack.us,Male
916,Ignace,Tapply,itapplypf@phpbb.com,Male
917,Abbi,Thynne,athynnepg@hubpages.com,Female
918,Revkah,Labrom,rlabromph@ftc.gov,Female
919,Ferguson,McBay,fmcbaypi@mac.com,Male
920,Bard,Shevell,bshevellpj@nymag.com,Male
921,Annadiana,Naris,anarispk@pbs.org,Female
922,Sharron,Varsey,svarseypl@deviantart.com,Female
923,June,Chimenti,jchimentipm@cocolog-nifty.com,Female
924,Sunshine,Neljes,sneljespn@europa.eu,Female
925,Emanuele,Parkes,eparkespo@telegraph.co.uk,Male
926,Lizabeth,McQuorkell,lmcquorkellpp@sakura.ne.jp,Female
927,Daryl,Boothebie,dboothebiepq@spotify.com,Female
928,Sheppard,felip,sfelippr@shop-pro.jp,Male
929,Carlen,Sturton,csturtonps@dailymail.co.uk,Female
930,Loree,Teather,lteatherpt@craigslist.org,Female
931,Carl,Trodden,ctroddenpu@4shared.com,Male
932,Sorcha,Dorin,sdorinpv@hp.com,Female
933,Waylen,Gimlet,wgimletpw@sohu.com,Male
934,Joline,Cornillot,jcornillotpx@sciencedirect.com,Female
935,Leann,Butters,lbutterspy@icq.com,Female
936,Lewiss,Beebee,lbeebeepz@shop-pro.jp,Male
937,Shaun,Trusslove,strussloveq0@mlb.com,Male
938,Tawsha,Titcom,ttitcomq1@yelp.com,Female
939,Christan,Imms,cimmsq2@live.com,Female
940,Star,Hillan,shillanq3@domainmarket.com,Female
941,Jazmin,Whitta,jwhittaq4@mail.ru,Female
942,Randell,Gherardini,rgherardiniq5@sourceforge.net,Male
943,Lissy,McQuaide,lmcquaideq6@ihg.com,Female
944,Elora,Levick,elevickq7@ebay.com,Female
945,Krystalle,Glew,kglewq8@google.it,Female
946,Erastus,Basterfield,ebasterfieldq9@psu.edu,Male
947,Ephrayim,Fragino,efraginoqa@behance.net,Male
948,Rochelle,Stride,rstrideqb@wikimedia.org,Female
949,Vasily,Poxon,vpoxonqc@histats.com,Male
950,Kaspar,Puckring,kpuckringqd@reddit.com,Male
951,Fraser,Ross,frossqe@wikispaces.com,Male
952,Emmalynn,Whatling,ewhatlingqf@umn.edu,Female
953,Hurleigh,Cramond,hcramondqg@geocities.jp,Male
954,Corey,Stanway,cstanwayqh@dailymail.co.uk,Female
955,Valaria,Bescoby,vbescobyqi@over-blog.com,Female
956,Augie,Stanyforth,astanyforthqj@nba.com,Male
957,Cash,Martinovsky,cmartinovskyqk@whitehouse.gov,Male
958,Moreen,Burmaster,mburmasterql@netlog.com,Female
959,Terrence,Bauser,tbauserqm@webnode.com,Male
960,Skipper,Pikhno,spikhnoqn@cdbaby.com,Male
961,Ardis,Olyonov,aolyonovqo@fc2.com,Female
962,Conn,Streight,cstreightqp@ezinearticles.com,Male
963,Cully,Levin,clevinqq@liveinternet.ru,Male
964,Yorgo,Glanester,yglanesterqr@e-recht24.de,Male
965,Shirlee,Jayes,sjayesqs@flickr.com,Female
966,Betty,Vennings,bvenningsqt@chronoengine.com,Female
967,Hakim,Giffin,hgiffinqu@army.mil,Male
968,Haywood,Mattson,hmattsonqv@nbcnews.com,Male
969,Mechelle,Humphrey,mhumphreyqw@last.fm,Female
970,Dun,Haresnaip,dharesnaipqx@studiopress.com,Male
971,Dane,Clink,dclinkqy@squarespace.com,Male
972,Kelvin,McKerlie,kmckerlieqz@xing.com,Male
973,Mollee,Gerok,mgerokr0@lycos.com,Female
974,Augusta,Rickert,arickertr1@biblegateway.com,Female
975,Wanda,Croot,wcrootr2@a8.net,Female
976,Aurthur,Cahen,acahenr3@geocities.jp,Male
977,Ronny,Abrahamovitz,rabrahamovitzr4@state.tx.us,Female
978,Russ,Rajchert,rrajchertr5@webeden.co.uk,Male
979,Cindy,Rothwell,crothwellr6@samsung.com,Female
980,Elmira,Waldren,ewaldrenr7@dyndns.org,Female
981,Jonis,Busse,jbusser8@sakura.ne.jp,Female
982,Orelle,Urion,ourionr9@prweb.com,Female
983,Dominique,Brellin,dbrellinra@cdbaby.com,Female
984,Sean,Oblein,sobleinrb@histats.com,Male
985,Kathryn,Allcoat,kallcoatrc@dropbox.com,Female
986,Blondy,Fluger,bflugerrd@topsy.com,Female
987,Agnola,Prier,aprierre@engadget.com,Female
988,Morton,Hugett,mhugettrf@slideshare.net,Male
989,Briana,Pinkett,bpinkettrg@youku.com,Female
990,Camey,Doul,cdoulrh@angelfire.com,Male
991,Alix,Ida,aidari@opera.com,Female
992,Noby,Crawley,ncrawleyrj@yellowpages.com,Male
993,Leslie,Filipic,lfilipicrk@technorati.com,Female
994,Krystalle,Di Bartolomeo,kdibartolomeorl@sciencedirect.com,Female
995,Ofella,Pidgen,opidgenrm@nationalgeographic.com,Female
996,Towney,Brunner,tbrunnerrn@1und1.de,Male
997,Sada,Curnnokk,scurnnokkro@skyrock.com,Female
998,Katrine,Strangwood,kstrangwoodrp@princeton.edu,Female
999,Boot,Trusler,btruslerrq@list-manage.com,Male
1000,Breena,Reglar,breglarrr@cnbc.com,Female
